{
    "$schema": "https://schema.management.azure.com/schemas/2015-01-01/deploymentTemplate.json#",
    "contentVersion": "1.0.0.0",
    "parameters": {
        "vmSize": {
            "type": "string",
            "defaultValue": "Standard_D2s_v3",
            "metadata": {
                "description": "VM size"
            }
        },
        "vmName": {
            "type": "string",
            "defaultValue": "az800l08-vm",
            "metadata": {
                "description": "VM name Prefix"
            }
        },
        "vmCount": {
            "type": "int",
            "defaultValue": 3,
            "metadata": {
                "description": "Number of VMs"
            }
        },
        "adminUsername": {
            "type": "string",
            "metadata": {
                "description": "Admin username"
            }
        },
        "adminPassword": {
            "type": "securestring",
            "metadata": {
                "description": "Admin password"
            }
        }
    },
    "variables": {
        "nic": "az800l08-nic",
        "virtualNetworkNames": "[createArray('az800l08-vnet0','az800l08-vnet1','az800l08-vnet2')]",
        "VNetPrefixes":"[createArray('10.80','10.81','10.82')]",
        "subnetName": "subnet",
        "subnetRefs": "[createArray(0,0,0)]",
        "computeApiVersion": "2018-06-01",
        "networkApiVersion": "2018-08-01"
    },
    "resources": [
        {
            "name": "[concat(parameters('vmName'),copyIndex())]",
            "copy": {
                "name": "VMcopy",
                "count": "[parameters('vmCount')]"
            },
            "type": "Microsoft.Compute/virtualMachines",
            "apiVersion": "[variables('computeApiVersion')]",
            "location": "[resourceGroup().location]",
            "comments": "Creating VMs",
            "dependsOn": [
                "[concat(variables('nic'),copyIndex())]"
            ],
            "properties": {
                "osProfile": {
                    "computerName": "[concat(parameters('vmName'),copyIndex())]",
                    "adminUsername": "[parameters('adminUsername')]",
                    "adminPassword": "[parameters('adminPassword')]",
                    "windowsConfiguration": {
                        "provisionVmAgent": "true"
                    }
                },
                "hardwareProfile": {
                    "vmSize": "[parameters('vmSize')]"
                },
                "storageProfile": {
                    "imageReference": {
                        "publisher": "MicrosoftWindowsServer",
                        "offer": "WindowsServer",
                        "sku": "2022-Datacenter",
                        "version": "latest"
                    },
                    "osDisk": {
                        "createOption": "fromImage"
                    },
                    "dataDisks": []
                },
                "networkProfile": {
                    "networkInterfaces": [
                        {
                            "properties": {
                                "primary": true
                            },
                            "id": "[resourceId('Microsoft.Network/networkInterfaces', concat(variables('nic'),copyIndex()))]"
                        }
                    ]
                }
            }
        },
        {
            "type": "Microsoft.Network/virtualNetworks",
            "name": "[variables('virtualNetworkNames')[copyIndex()]]",
            "copy": {
                "name": "VnetCopy",
                "count": "[length(variables('virtualNetworkNames'))]"
            },
            "apiVersion": "[variables('networkApiVersion')]",
            "location": "[resourceGroup().location]",
            "comments": "Virtual Network",
            "properties": {
                "addressSpace": {
                    "addressPrefixes": [
                        "[concat(variables('VNetPrefixes')[copyIndex()],'.0.0/22')]"
                    ]
                },
                "subnets": [
                    {
                        "name": "[concat(variables('subnetName'),'0')]",
                        "properties": {
                            "addressPrefix": "[concat(variables('VNetPrefixes')[copyIndex()],'.0.0/24')]"
                        }
                    }
                ]
                  
            }
        },
        {
            "name": "[concat(variables('nic'),copyIndex())]",
            "copy":{
                "name": "nicCopy",
                "count": "[parameters('vmCount')]"
            },
            "type": "Microsoft.Network/networkInterfaces",
            "apiVersion": "[variables('networkApiVersion')]",
            "location": "[resourceGroup().location]",
            "comments": "Primary NIC",
            "dependsOn": [
                "[concat('Microsoft.Network/virtualNetworks/', variables('virtualNetworkNames')[copyIndex()])]"
            ],
            "properties": {
                "ipConfigurations": [
                    {
                        "name": "ipconfig1",
                        "properties": {
                            "subnet": {
                                "id": "[resourceId('Microsoft.Network/virtualNetworks/subnets', variables('virtualNetworkNames')[copyIndex()], concat(variables('subnetName'),variables('subnetRefs')[copyindex()]))]"
                            },
                            "privateIPAllocationMethod": "Dynamic"
                        }
                    }
                ]
            }
        }
    ],
    "outputs": {}
}